site,rank,title,link
Al Jazeera,1,CCTV captures terrifying mudslide engulfing Nepal-China border,https://www.aljazeera.com/video/newsfeed/2026/8/26/cctv-captures-terrifying-mudslide-engulfing-nepal-china-border?traffic_source=rss
Al Jazeera,2,"When is the Champions League draw, which teams are in, and what are the dates?",https://www.aljazeera.com/sports/2026/8/26/when-is-the-champions-league-draw-which-teams-are-in-and-what-are-the-dates?traffic_source=rss
Al Jazeera,3,"Photos: Avalanche floods kill eight, hundreds missing in Nepal’s Himalayas",https://www.aljazeera.com/gallery/2026/8/26/photos-avalanche-floods-kill-eight-hundreds-missing-in-nepals-himalayas?traffic_source=rss
Al Jazeera,4,England footballer Sterling charged with dangerous driving after collision,https://www.aljazeera.com/sports/2026/8/26/england-footballer-sterling-charged-with-dangerous-driving-after-collision?traffic_source=rss
Al Jazeera,5,"Iran, Oman agree on temporary Hormuz route: What we know",https://www.aljazeera.com/news/2026/8/26/iran-oman-agree-on-temporary-hormuz-route-what-we-know?traffic_source=rss
Al Jazeera,6,Dead whale washes ashore on beach in Mexico,https://www.aljazeera.com/video/newsfeed/2026/8/26/dead-whale-washes-ashore-on-beach-in-mexico?traffic_source=rss
Al Jazeera,7,Why India is sharing missile secrets with its private sector,https://www.aljazeera.com/news/2026/8/26/why-india-is-sharing-missile-secrets-with-its-private-sector?traffic_source=rss
Al Jazeera,8,Mother and daughter detained by ICE in hospital after car crash,https://www.aljazeera.com/video/newsfeed/2026/8/26/mother-and-daughter-detained-by-ice-in-hospital-after-car-crash?traffic_source=rss
Al Jazeera,9,Photos: Thousands join Spain’s La Tomatina festival for epic tomato battle,https://www.aljazeera.com/gallery/2026/8/26/photos-thousands-join-spains-la-tomatina-festival-for-epic-tomato-battle?traffic_source=rss
Al Jazeera,10,Manchester City sign teenage Moroccan midfielder Ayyoub Bouaddi from Lille,https://www.aljazeera.com/sports/2026/8/26/manchester-city-sign-teenage-moroccan-football-star-ayyoub-bouaddi?traffic_source=rss
Al Jazeera,11,"Infantino has no future at FIFA, says European Leagues chief",https://www.aljazeera.com/sports/2026/8/26/infantino-has-no-future-at-fifa-says-european-leagues-chief?traffic_source=rss
Al Jazeera,12,"China’s Xi to visit Kyrgyzstan, Egypt",https://www.aljazeera.com/news/2026/8/26/chinas-xi-to-visit-kyrgyzstan-egypt?traffic_source=rss
Al Jazeera,13,Is Japan trying to build bridges with China after Taiwan spat?,https://www.aljazeera.com/news/2026/8/26/is-japan-trying-to-build-bridges-with-china-after-taiwan-spat?traffic_source=rss
Al Jazeera,14,"One US dollar now costs 2 million rials in Iran, and here’s what it can buy",https://www.aljazeera.com/economy/2026/8/26/one-us-dollar-now-costs-2-million-rials-in-iran-and-heres-what-it-can-buy?traffic_source=rss
Al Jazeera,15,"At least eight killed, hundreds missing after Nepal flash flood",https://www.aljazeera.com/news/2026/8/26/at-least-eight-killed-in-nepal-flash-floods-that-swept-away-villages-roads?traffic_source=rss
Al Jazeera,16,Ukrainian air attacks kill three in Russia as Kyiv steps up drone campaign,https://www.aljazeera.com/economy/2026/8/26/ukrainian-drone-attacks-kill-3-as-fire-destroys-wildberries-warehouse?traffic_source=rss
Al Jazeera,17,The Bulgarian village that fears becoming an Iranian target,https://www.aljazeera.com/news/2026/8/26/the-bulgarian-village-that-fears-becoming-an-iranian-target?traffic_source=rss
Al Jazeera,18,"Bodo return to Champions League, Azerbaijan’s Sabah deny Israeli Beer-Sheva",https://www.aljazeera.com/sports/2026/8/26/bodo-return-to-champions-league-azerbaijans-sabah-deny-israeli-beer-sheva?traffic_source=rss
Al Jazeera,19,"US immigration agents arrested more than 49,500 people in July",https://www.aljazeera.com/news/2026/8/26/us-immigration-agents-arrested-more-than-49500-people-in-july?traffic_source=rss
Al Jazeera,20,"Haiti gang raid death toll rises to 47 as more than 50 kidnapped, says UN",https://www.aljazeera.com/news/2026/8/26/at-least-47-killed-50-kidnapped-in-grisly-gang-raid-in-haiti-says-un?traffic_source=rss
Associated Press,1,US issues security alert in Mexican border city and suspends consular activities,https://apnews.com/article/mexicali-threat-border-mexico-us-0a030c90e73f7ff41a212b2079609633
Associated Press,2,Iran and Oman hold talks on managing the Strait of Hormuz and other news from around the Middle East,https://apnews.com/article/middle-east-iran-israel-hormuz-pakistan-august-25-2026-1a4fa2e3812c458a25a561b38dc89f09
Associated Press,3,"A Montana man killed 8 relatives, including 4 kids, at Sunday dinner, family says",https://apnews.com/article/billings-montana-family-killed-house-burned-e977fa5e9cd635eea4e111ad8b2c79ff
Associated Press,4,Watchdog files bar complaint against Jeanine Pirro over bid to indict 6 Democratic lawmakers,https://apnews.com/article/jeanine-pirro-bar-complaint-lawmakers-cf286e4fbb2679f8a7ee1f9f1f96cb7c
Associated Press,5,Canada strikes back at US with retaliatory tariffs as trade war escalates,https://apnews.com/article/canada-trump-lake-810649a0a4143d9042094626c4a36dad
Associated Press,6,Three Secret Service officials have been placed on administrative leave pending investigation,https://apnews.com/article/secret-service-investigation-leave-5892dada87ed302f175406472b58b708
Associated Press,7,Quite a couple: Spouses Elina Svitolina and Gael Monfils reach US Open mixed doubles semifinals,https://apnews.com/article/us-open-mixed-doubles-b08f9a5350775586ea0efe25144664be
Associated Press,8,Serena Williams and Carlos Alcaraz knocked out of mixed doubles at the U.S. Open,https://apnews.com/article/serena-williams-carlos-alcaraz-us-open-70c4a8b10b89b2c02808ef1d042d80ec
Associated Press,9,"SEC joins Big Ten in banning pros from returning to college, including basketball players",https://apnews.com/article/big-ten-nfl-f2a4b95071d634c22ffba31a56224085
Associated Press,10,"Dolly Parton, music star, actor and beloved figure who spanned generations, dies at 80 of cancer",https://apnews.com/article/dolly-parton-death-country-icon-87156f3e6a1547b88bf414529b644ad3
Associated Press,11,"Dolly Parton's greatest songs, and the stories behind them",https://apnews.com/article/dolly-parton-songs-playlist-music-1c1517e53e4d5f133f3e17e266afea2b
Associated Press,12,"Dolly Parton tributes include Taylor Swift, Kacey Musgraves, Jane Fonda and Vince Gill",https://apnews.com/article/reaction-death-dolly-parton-3f392bf411ff828d1e4bcd8f9acf37be
Associated Press,13,"Canada targets steel, fish and hundreds of other goods as Trump trade war escalates",https://apnews.com/article/canada-trade-war-tariff-trump-carney-4f0d3e8f6945cd941cb50972fb657465
Associated Press,14,The US and Canada could pull back from an all-out trade war. It's not clear that they will,https://apnews.com/article/trump-canada-carney-trade-war-tariffs-cd5f861f990b7e594ea1803a6ba1bf46
Associated Press,15,US consumer confidence falls to lowest level in 7 months with gas stuck above $4,https://apnews.com/article/consumer-confidence-inflation-economy-gas-prices-8fdcfa56f35b9eac2399fe1d167f8fbd
Associated Press,16,FACT FOCUS: Census Bureau report does not prove Trump's claim about noncitizen voting in 2020,https://apnews.com/article/fact-check-trump-noncitizen-voting-census-bureau-36cf1524fda629b139b7de5c86119622
Associated Press,17,False claim of human meat in McDonald’s factories stems from old hoax,https://apnews.com/article/archive-fact-checking-9233643423
Associated Press,18,FACT FOCUS: Social media falsely claims heat wave threatens Parmigiano Reggiano cheese and bank,https://apnews.com/article/italy-parmigiano-reggiano-cheese-extreme-heat-bank-e077ee7f9b93f2b7a50364e25387a991
Associated Press,19,Video of Kamala Harris saying ‘today is today’ was altered,https://apnews.com/article/fact-check-kamala-harris-video-altered-today-quote-234791603419
Associated Press,20,"Target’s Pride collection features ‘tuck-friendly’ swimsuits for adults, not kids",https://apnews.com/article/fact-check-target-swimsuits-transgender-pride-collection-892500330955
